Title,Description,Image,Tags,Download Link
SanyaClaus,,/storage/mi-band-6/img/1686114395_a061253739.gif,Mi Band 6 ,/mi-band-6/view/4451
SanyaClaus,,/storage/mi-band-6/img/1686027170_7e743112ad.gif,Mi Band 6 ,/mi-band-6/view/4450
SanyaClaus,,/storage/mi-band-6/img/1685988738_92e70fca18.gif,Mi Band 6 ,/mi-band-6/view/4449
SanyaClaus,,/storage/mi-band-6/img/1685986619_a16fecb726.gif,Mi Band 6 ,/mi-band-6/view/4448
vic2net,,/storage/mi-band-6/img/1685865746_253422800a.gif,Mi Band 6 ,/mi-band-6/view/4447
vic2net,,/storage/mi-band-6/img/1685793248_d399c81ec4.gif,Mi Band 6 ,/mi-band-6/view/4446
vic2net,,/storage/mi-band-6/img/1685791015_26a97360b1.gif,Mi Band 6 ,/mi-band-6/view/4444
vic2net,,/storage/mi-band-6/img/1685757628_bc4d1edca4.gif,Mi Band 6 ,/mi-band-6/view/4443
SanyaClaus,,/storage/mi-band-6/img/1685539387_f1e8c9d786.gif,Mi Band 6 ,/mi-band-6/view/4442
ivanssg,,/storage/mi-band-6/img/1685334887_9985bae423.gif,Mi Band 6 ,/mi-band-6/view/4441
ivanssg,,/storage/mi-band-6/img/1685334438_18cde62c94.gif,Mi Band 6 ,/mi-band-6/view/4440
ivanssg,,/storage/mi-band-6/img/1685334167_7a8253fd4c.gif,Mi Band 6 ,/mi-band-6/view/4439
ivanssg,,/storage/mi-band-6/img/1685333653_980847ec13.gif,Mi Band 6 ,/mi-band-6/view/4438
itaketapps,,/storage/mi-band-6/img/1685302804_08b7ba2be9.gif,Mi Band 6 ,/mi-band-6/view/4437
ivanssg,,/storage/mi-band-6/img/1685169288_bc46aebe95.gif,Mi Band 6 ,/mi-band-6/view/4436
ivanssg,,/storage/mi-band-6/img/1685169193_42fc6e46cd.gif,Mi Band 6 ,/mi-band-6/view/4435
